iteration,nouncount,verbcount,adjcount,advcount,multcount,othercount,onemorphcount,twomorphcount,threemorphcount,fourmorphcount,othermorphcount,onesyllcount,twosyllcount,threesyllcount,foursyllcount,fivesyllcount,sixsyllcount,othersyllcount,NSyllToLen,gpToPhono,gpToletter,gpToSem,gpToGraph,gpToFreq_SUBTLEXUS,gpToOLD20sum,gpToPLD20sum,gpToPhonographic_N,gpToSem_N_D,gpToBigramF_Avg_C_Log,gpToLength,gpToNSyll,gpToBiphon_Prob,gpToOR,gpToGfreq,gpToPfreq,ORToPhono,ORToletter,ORToSem,ORToGraph,ORToFreq_SUBTLEXUS,ORToOLD20sum,ORToPLD20sum,ORToPhonographic_N,ORToSem_N_D,ORToBigramF_Avg_C_Log,ORToLength,ORToNSyll,ORToBiphon_Prob,ORToGfreq,ORToPfreq,Freq_SUBTLEXUSToPhono,Freq_SUBTLEXUSToLetter,Freq_SUBTLEXUSToSem,Freq_SUBTLEXUSToGraph,Freq_SUBTLEXUSToOLD20sum,Freq_SUBTLEXUSToPLD20sum,Freq_SUBTLEXUSToPhonographic_N,Freq_SUBTLEXUSToSem_N_D,Freq_SUBTLEXUSToBigramF_Avg_C_Log,Freq_SUBTLEXUSToLength,Freq_SUBTLEXUSToNSyll,Freq_SUBTLEXUSToBiphon_Prob,Freq_SUBTLEXUSToGfreq,Freq_SUBTLEXUSToPfreq,OLD20sumToPLD20sum,OLD20sumToPhonographic_N,OLD20sumToSem_N_D,OLD20sumToBigramF_Avg_C_Log,OLD20sumToLength,OLD20sumToNSyll,OLD20sumToBiphon_Prob,OLD20sumToPhono,OLD20sumToLetter,OLD20sumToGraph,OLD20sumToSem,OLD20sumToGfreq,OLD20sumToPfreq,PLD20sumToPhonographic_N,PLD20sumToSem_N_D,PLD20sumToBigramF_Avg_C_Log,PLD20sumToLength,PLD20sumToNSyll,PLD20sumToBiphon_Prob,PLD20sumToSem,PLD20sumToPhono,PLD20sumToLetter,PLD20sumToGraph,PLD20sumToGfreq,PLD20sumToPfreq,Phonographic_NToSem_N_D,Phonographic_NToBigramF_Avg_C_Log,Phonographic_NToLength,Phonographic_NToNSyll,Phonographic_NToBiphon_Prob,Phonographic_ToSem,Phonographic_NToPhono,Phonographic_NToLetter,Phonographic_NTo_Graph,Phonographic_NToGfreq,Phonographic_NToPfreq,Sem_N_DToBigramF_Avg_C_Log,Sem_N_DToLength,Sem_N_DToNSyll,Sem_N_DToBiphon_Prob,Sem_N_DToSem,Sem_N_DToPhono,Sem_N_DToLetter,Sem_N_DToGraph,Sem_N_DToGfreq,Sem_N_DToPfreq,BigramF_Avg_C_LogToLength,BigramF_Avg_C_LogToNSyll,BigramF_Avg_C_LogToBiphon_Prob,BigramF_Avg_C_LogToSem,BigramF_Avg_C_LogToPhono,BigramF_Avg_C_LogToLetter,BigramF_Avg_C_LogToGraph,BigramF_Avg_C_LogToGfreq,BigramF_Avg_C_LogToPfreq,graphToletter,graphToPhono,graphToLength,graphToNSyll,graphToBiphon_Prob,graphToSem,graphToGfreq,graphToPfreq,phonoToletter,phonoToLength,phonoToNSyll,phonoToBiphon_Prob,phonoToSem,phonoToGfreq,phonoToPfreq,LetterToLength,LetterToNSyll,LetterToBiphon_Prob,LetterToSem,LengthToBiphon_Prob,LengthToSem,LengthToGfreq,LengthToPfreq,NSyllToBiphon_Prob,NSyllToSem,NSyllToGfreq,NSyllToPfreq,Biphon_ProbToSem_Corr,Biphon_ProbToGfreq,Biphon_ProbToPfreq,GPprobToPhono,GPprobToletter,GPprobToSem,GPprobToGraph,GPprobToFreq_SUBTLEXUS,GPprobToOLD20sum,GPprobToPLD20sum,GPprobToPhonographic_N,GPprobToSem_N_D,GPprobToBigramF_Avg_C_Log,GPprobToLength,GPprobToNSyll,GPprobToBiphon_Prob,GPprobToOR,GPprobTogp,GPprobToORprob,GPprobToGfreq,GPprobToPfreq,ORprobToPhono,ORprobToletter,ORprobToSem,ORprobToGraph,ORprobToFreq_SUBTLEXUS,ORprobToOLD20sum,ORprobToPLD20sum,ORprobToPhonographic_N,ORprobToSem_N_D,ORprobToBigramF_Avg_C_Log,ORprobToLength,ORprobToNSyll,ORprobToBiphon_Prob,ORprobToOR,ORprobTogp,ORprobToGfreq,ORprobToPfreq,std_phonemeTri,std_gpTri,std_letterTri,std_semanticTri,std_graphemeTri,std_ORTri,std_Freq_SUBTLEXUS,std_OLD20sum,std_PLD20sum,std_Phonographic_N,std_Sem_N_D,std_BigramF_Avg_C_Log,std_Length,std_NSyll,std_Biphon_Prob,std_Gfreq,std_Pfreq
1,66,13,14,5,61,0,112,44,3,0,0,66,72,19,2,0,0,0,0.76340563294948,0.780854565277452,0.481894822082648,0.00441088213450357,0.840523196018927,0.0431655618984757,-0.048427504183794,-0.0784927056443939,0.0310525238533625,0.0115561368535111,0.00120847953750383,-0.0194381473534154,-0.0135588113041341,0.0359072698199904,0.398977757289224,-0.18648336158448,-0.155180429632869,0.328979691519327,0.245610163122714,0.0153861077361264,0.344167307462516,-0.00170767141968462,-0.0763276060567855,-0.0882860183863325,0.0236511858718526,0.00217807031558743,0.0133819570053656,-0.00207468795729092,-0.0132384221334147,-0.00882263376962337,-0.0789302637214481,-0.0664436829460989,0.0425635178056151,0.00555951570893045,-0.165267661486247,0.0301423415569938,-0.318674232999112,-0.256173670052592,0.254379433147506,0.700074619799473,0.183868184708988,-0.0143175280740609,-0.0160828666087205,0.0321249633756252,0.0140690353855188,-0.0664992919932798,0.862995272228629,-0.706393069753299,-0.198259932299779,-0.492219745645867,-0.0674783985561037,-0.0110506829709468,0.0123847621667868,-0.0969312999353892,0.0213533226525735,-0.0790818834773482,0.032936202809763,-0.0892226369175819,0.0208749129764381,-0.655020819706857,-0.134088624453091,-0.380069992970498,-0.0340256367916597,0.0473033174537717,0.0391536171454702,0.0449538063558356,-0.0852925863708468,0.00815144610281291,-0.114334314059138,0.092847729896158,-0.013498379171307,0.127117110040048,0.414049280742038,0.0211994154189869,-0.0224987262253372,-0.069823700312726,-0.0189146387359633,0.0835917119469005,-0.010498870705792,0.0791419139674294,0.0499991748792966,-0.0245615817950319,0.111887013645283,0.0131831066967529,-0.00388070053809452,0.028903331629851,-0.192436246253116,0.0159783444098252,-0.0103835774313103,-0.00572977754966204,0.127160411285356,0.00195117304100023,-0.0131176894640746,-0.0350946088477354,0.0134697653450932,-0.0095109242126716,0.00568964422963045,-0.0949824033986377,0.010460567206979,0.188102868164827,0.123389255710785,0.550060914006867,0.654326382494677,-0.023827764023132,-0.0211609854251599,0.0177412898664961,-0.00367578043785204,-0.216924191824999,-0.16194941398324,0.475281002927476,-0.00272907830608425,0.00064834309424929,0.00791301490186347,-0.00260943415132856,-0.13453975082167,-0.187412107218199,0.0315575142998378,0.0325342791370796,-0.0292866654422459,-0.00425672351256317,-0.00498848797527788,-0.000610039064805951,0.0488279090983751,-0.0371913465100183,-0.0190120206131952,0.0117563944675195,0.0294240995614329,-0.0512167856088057,-0.0204120879098432,0.00589588887738332,-0.00337795738975535,0.0476188672301539,0.00564501714994624,0.00391856505425905,0.0690403811123374,-0.0328392974503069,-0.302289900647462,-0.321210703433201,0.452905613698831,-0.170261173026437,0.194510599476389,-0.0424161285932106,-0.0813269256333624,-0.115632409457418,0.0281694284788154,-0.0377664523764165,0.539163358875764,-0.0384221403976917,0.0676162222745099,0.0851160828725773,0.012266242893991,-0.0466903858417486,0.0986927003892222,0.136247885232745,-0.415580372005691,-0.46400907426907,0.443023556634877,0.00436639120943458,0.110682600198736,-0.0261543915433206,-0.103968843425284,-0.0803507130013083,0.0513568877951423,0.0340246022450658,-0.130973308655077,-0.14154696764686,0.114549953022771,0.0936164837226689,0.117430480463745,0.101136113859352,0.105210070215923,0.0625014584620337,1.19823796336013,0.974413224497426,1.1327016251856,5.59691626684852,0.192485176211864,0.694918567925302,2.22131053819813,1.01454040132076,0.00695894812009299,0.380712205929225,0.247428799176812
2,82,14,10,2,50,1,114,40,5,0,0,75,65,17,2,0,0,0,0.758865716315159,0.764786880968554,0.484721513628507,0.0150824445932235,0.845151930950802,-0.0214324877491599,-0.097653170071702,-0.120393670939882,0.0574864189669895,-0.0548456916187387,0.0402279572824725,0.0423681325782538,0.0455993624501769,-0.0120127720394115,0.402174007001073,-0.18760691212305,-0.140407318138108,0.32046617668077,0.240872893992628,0.0100169599707233,0.354458318746051,-0.0174582228169334,-0.0597106875429694,-0.0609401190009936,0.022191889293219,-0.0149114171064886,0.00353475084039442,0.0150627218285452,0.00891026599661754,-0.0339155905837823,-0.0693341569064941,-0.0626680748056846,0.00335928612484497,-0.00721286287542996,-0.212605364761784,-0.0426140019893796,-0.0296286882244433,-0.0092422320798233,-0.0168745951465212,0.761301313191893,0.0746506911794634,0.0605951920489875,0.0622141132051346,0.0757979826633357,0.0884507102332059,-0.0152839212697807,0.861090003842355,-0.675623799366412,0.113367161812055,-0.390052624209368,-0.131483019804021,-0.085775161797992,0.0420749017849164,-0.138207970280118,-0.057449451454289,-0.110686874618396,0.0253608444029986,-0.0697408381524754,0.0240756921583915,-0.614751439040072,0.110276546692917,-0.366342385525139,-0.078847025679259,-0.0606375221862071,-0.0219463742095559,0.0227845324892475,-0.111296394593159,-0.0631253524544983,-0.14553695255772,0.0707394730387177,-0.0944852774182752,-0.173000312396068,0.219835174249891,0.0966792996199761,0.0448422558433173,-0.124473468026368,0.00771656027293656,0.10419659267354,0.0595505664824382,0.0821974823294042,0.0729921175833961,0.0258721713734103,0.0477314931031741,0.0101721369250862,0.0228799891016349,0.0966479653528631,-0.225501596414593,-0.0498977159986692,-0.033702340344367,-0.0781876820027021,0.0936828197672955,0.00887864946831434,0.0531852049225436,0.0401444929985049,0.0590728638242676,-0.0164591142245516,0.052298732668802,-0.0759380518523248,0.0389372638019544,0.109161512964932,0.1414705325372,0.550975497875582,0.650409608729682,0.0413623474088235,0.0480177538674906,3.73342675738636e-05,0.018819919003078,-0.210518199202473,-0.113666070680223,0.487492375727776,0.0409202227213036,0.0505077757738338,-0.00528398173203591,-0.00106515208832252,-0.119965163366278,-0.165088358503757,0.0408419296145936,0.0506474137703899,0.00286743331593559,-0.00605090009592583,-0.01403785399811,-0.00866275772637463,-0.0387227266416009,-0.00630615627273869,0.0265500530379534,-0.00473408327191838,-0.0666175528233892,-0.0641711010067953,-0.0294202155743434,-6.29154967116925e-05,0.14127794162136,0.0302771629538582,0.0588824700589426,0.0304388815317947,0.0612393443736436,-0.154863162454456,-0.286749037685564,-0.340793961425269,0.392157582199678,-0.254954129555882,-0.0111893525511723,0.0191484397726529,0.0177466727929793,0.13909736940315,0.0193145262258535,-0.0280180960460886,0.546507672332487,-0.0624079668956254,0.21916271332632,0.0309027784238938,0.0114644454919371,0.0145438546597248,0.0297494833378577,-0.123027140866576,-0.342151395159549,-0.400740825115961,0.358096409001795,-0.21143082289256,0.144034822740604,-0.0135230379931591,-0.025787713454887,0.0776911769349286,0.000420730575170815,-0.0306255277730568,0.0525321668015742,0.246842529297529,0.116532587692927,0.0942172074807812,0.122076766796698,0.0991422714615648,0.106590290018145,0.0627552800199681,1.13739712761366,1.01869224187082,1.0473739248066,5.74854370401591,0.198062952848811,0.599684893614824,2.37802449033956,1.01649097355329,0.00585301781358896,0.372651233399552,0.246344163371361
3,75,11,14,1,56,2,117,37,5,0,0,72,59,23,5,0,0,0,0.773943815749352,0.784027727702119,0.484108455298815,0.0122521561366619,0.846925741261179,-0.00885260357236186,-0.0054796208438399,-0.0433016082139851,-0.00209840407082373,-0.0123019534392553,-0.031568939157677,-0.0355117783677528,-0.0291835218993622,-0.0434823489627633,0.386731835083118,-0.262944036156589,-0.226349885167438,0.315107089914641,0.209738702532518,-0.00728190788295674,0.333649799452275,0.0253267191848903,-0.110511935032078,-0.0968208683370011,0.0729303814297941,0.0196462398051712,0.0483761226466388,-0.00321686242975253,-0.00149037770129869,-0.0109447379266107,-0.0598820885751481,-0.0781513868882216,0.0112502236514244,-0.00494871070969134,-0.196276150565098,-0.0222949482240671,-0.235669470428337,-0.156612352133104,0.228206699658682,0.721971686015549,0.237305115209593,-0.0122097665534105,-0.0391816629822766,0.0435871516550169,0.130013585362907,0.0412160349414381,0.860999887786327,-0.669731347035653,-0.181132414431189,-0.486123534211016,-0.0254689376915913,0.0166683422205367,-0.0188236601343092,-0.0829155634758682,0.0409472408086707,-0.036865306142879,0.100144420879809,-0.139774220132909,-0.0553998384385525,-0.636605600065045,-0.104148387143822,-0.397805941327141,-0.0150146112701199,0.0183994084670867,-0.012578717825856,0.0895920990425475,-0.0823992444298905,0.0172422813111721,-0.0918084326990019,0.0398967104678172,-0.0880309712866512,0.0860212861006076,0.373310880941783,0.0247318243457246,0.0200775692765891,0.0237226164736781,-0.0654345522312601,0.0619382105513721,-0.00292959966762132,0.040489626581643,0.102926136361589,0.0709375419392748,0.266016128112703,-0.0293766058824942,-0.0575166490612345,0.0906821720858005,-0.264968266075131,0.0173565966421056,-0.0659815438910435,-0.0338402217471335,0.0891531477453239,-0.0255050855109197,-0.00895969720897841,-0.00227037154865734,0.120214828338284,-0.0882975848934062,0.0033085436410757,-0.106497862324965,-0.0201368302404425,0.152444804960246,0.108267220737061,0.553725789448632,0.661209467488427,-0.039407307599659,-0.0349133946958768,-0.048274242945781,0.0119052480831641,-0.288749635631161,-0.212102890837233,0.465136005858777,-0.0132673462373624,-0.00975607021362331,-0.0292668296319404,0.00702439591214117,-0.191461021377871,-0.231926495709154,0.00606181215771616,0.00884977342745277,-0.00903178582159004,0.015500469905319,0.019568922779078,0.00910650221806328,0.10175319495441,0.112160215271367,4.55881878679494e-05,0.0240131811966207,0.0983076249009711,0.0997697956374971,-0.00541543808887017,0.142156933759064,0.0944722366909444,0.0213208153276068,0.00693832988908941,0.00349155731773528,0.0415849729678747,-0.0627931037861723,-0.360057304970022,-0.421921882186758,0.433240344139117,-0.138692080877998,0.0398102173512767,-0.0454093524044621,-0.0315915413872679,-0.037929239029032,0.0605402459740309,-0.0620650340163464,0.555466550296006,0.0291042098195275,0.140651058637549,0.060780654189574,0.0308738969875342,-0.0131088596206433,0.0837099303634228,-0.0206629242847793,-0.317798792081953,-0.400897840884429,0.359889784728918,-0.108723322831007,0.122961957708834,0.00751399462031625,-0.0116145631633631,0.0875699312371815,0.0377557527629571,0.00334463870344971,-0.154314576886288,0.0105928025601787,0.114250862574235,0.0949211756141653,0.121233604020227,0.10272441515555,0.107428426002278,0.0640390671439223,1.22946422433187,1.02801730309938,1.13026510776741,5.56226900446103,0.191236386524258,0.621114345988952,2.32351847573504,1.12933643482901,0.00688437390378099,0.462787714094703,0.290210576664904
4,61,11,10,2,75,0,114,38,6,0,1,72,60,22,5,0,0,0,0.83038603993991,0.777450869597853,0.500139566085445,-0.00723582562052991,0.83662403322336,0.0810114251022162,-0.0913428827091919,-0.119540504350987,0.0563844168761415,0.0239163899189784,0.0350505513262192,0.0146040653222258,0.0126487201118202,-0.0292127215516925,0.408715682114333,-0.243251965531382,-0.197580174191639,0.325895105901512,0.24905428952156,0.0210497811036564,0.355141806166556,0.0170480478563902,-0.12512182169528,-0.140832079755683,0.0774008589174641,0.00182340226297336,0.0352236041306147,0.0232997025167671,0.0372548297732532,-0.0363342096560373,-0.0988519407064406,-0.0507583637052498,0.040323071247153,0.00723036481747252,-0.229696345175528,0.0548870165711042,-0.213033344948774,-0.21100077229418,0.0986838211927267,0.706608080356269,0.204509549875895,-0.0203912617679227,0.00578139652385055,0.00874627432771662,-0.0916863513779013,-0.0227034668478883,0.865623058976466,-0.689264891911716,-0.170178322696074,-0.450844616613307,0.00958203302816868,-0.0438128022090618,0.127138339322809,-0.106998066578109,0.00555716971181669,-0.116667471283771,0.0590127023947276,0.106165860712047,0.0724294149345668,-0.582976181471862,-0.157580368940138,-0.399006029833175,-0.0150208545217507,-0.0464783604494148,0.134866292839911,0.0548758236677927,-0.108718843838691,-0.013338697299068,-0.160731488206534,0.262319512750595,0.0315347423583298,0.0975103297718535,0.238254674187112,-0.0475926666460852,0.0128805187991522,-0.154315945607095,-0.0329209552100443,0.100509820635914,0.0124957501087612,0.0821703995959669,-0.0619005273834515,-0.102704960789537,0.182042646503833,-0.031291946535745,-0.0326104649742167,0.0462446111273353,-0.261882367373229,-0.0163800806994361,-0.0390105818477922,0.000100425964475037,0.0382721347849744,0.126277907968861,-0.0293961177020322,0.00703315319612832,-0.000401095474391693,-0.0657618711981378,0.0194105782075403,-0.0490660620792281,0.0412748693306681,0.0466740610263174,0.133488578836533,0.565732339552912,0.655527244771991,0.00845293176943632,0.0118053548061932,-0.0121345011276806,-0.00665454137832259,-0.268152252300645,-0.17246959819874,0.498057850677546,-0.00616951290134262,-0.00238681020294677,-0.00218206384106657,-0.0115898378505038,-0.179444977280276,-0.212704219959881,0.0223008132589177,0.00907971414778198,0.031577863216367,-0.00766473515481221,-0.0698743484207112,-0.0106601702436081,-0.0164824830834563,0.00967392195690406,-0.033535737719839,-0.0164143360251388,-0.0180849694887999,-0.00399985171392134,0.0219080002664841,0.0257143013726055,-0.0015837898139415,0.00520411285691122,0.0469810331871696,0.0258438433205849,0.0315665696990277,-0.163207309314384,-0.182578969016998,-0.23051505333052,0.274666002970609,-0.150347405243178,0.057628143526521,-0.00413941983890151,0.00126917172567442,0.0280096333365926,0.0582420658441658,-0.0746502189876269,0.549579981588941,-0.0488876851238207,0.156410471043092,0.060525251319329,0.0381705681140593,-0.00931915536849525,0.082595557039908,-0.0371590749768555,-0.346529716867037,-0.446442726084239,0.293836734246751,-0.102477491657269,0.0329155114424531,-0.0130566958969544,0.0167705614606965,-0.01526067198669,0.118893332992495,0.0211177143838244,-0.250229739589266,-0.0332171702122719,0.115706750696095,0.0955050237108755,0.12024609701142,0.107307259328119,0.107052759989129,0.0649246406046363,1.18482016261748,0.935806541785109,1.11310853613093,5.82825475242114,0.196426917421028,0.609087751304638,2.30323103205048,1.14364614430201,0.00675274823054927,0.355149095394653,0.274107720262842
5,66,13,9,3,67,1,111,43,5,0,0,62,78,17,2,0,0,0,0.72908023905814,0.792141441733623,0.494118893741684,0.0170936764474143,0.822657087364258,0.00729673206125901,-0.0580298421947042,-0.082155682353021,0.0112168125021236,-0.000665216484319504,0.0277155964450398,0.0134962385889517,0.011385977464874,-9.28121681221793e-05,0.44607216067206,-0.184768780269265,-0.157228079315837,0.36424609348783,0.269716174620666,0.00754956428570791,0.376394656050002,-0.0097471190846338,-0.0838866910166792,-0.0987815086599209,0.0432947454268112,-0.0250866971551571,0.0558247981395966,-0.00163442258481506,0.0146100192152028,-0.0342862070990197,-0.0587040114113411,-0.0311777358105035,0.000555769606998461,-0.0433608845701453,-0.243123003836564,0.0154314908469808,-0.239324892025789,-0.30364507836954,0.160182029965288,0.727786273444654,0.199028860742487,-0.00824589605954894,-0.00573312339793516,0.00320040533723418,-0.023352088344347,0.0462692048039054,0.86488121266877,-0.694972377502722,-0.0836457816343819,-0.566060046549975,0.00684006045829744,-0.0390233842521529,0.145151949383924,-0.0932874054578166,-0.00526786412250383,-0.0687096256979632,0.0956259926867767,-0.115706135587203,0.0591187077070662,-0.611606331561519,-0.207046507180834,-0.498349564065844,-0.0311459900338621,-0.0703556425515035,0.125737346785062,0.104615539161475,-0.0952550629017519,-0.0190510123714124,-0.0996152680116114,0.0503968909807846,0.0159068831841032,0.0168997156019312,0.443100046141369,-0.00191637430914881,0.05848026028972,-0.0589521269156064,-0.0499510981843103,0.0717537029083549,0.00541942333747196,0.0338688267964514,0.157285109182941,-0.00446328244132715,0.133492219701708,0.0548210207703626,0.0508475176280474,0.0370853093233321,-0.281237324428683,-0.0273881524232701,-0.0501291746944411,-0.00284987086546491,0.0124167942637408,0.109225481534593,0.00287638298855782,-0.0167361252354392,0.0489635864620424,-0.0405671274887239,0.0554409066478021,-0.0786589351378403,0.0408586861586246,0.0662768854773176,0.0986899997000367,0.566975423106909,0.647561838942912,0.000946287872274991,0.0179972173880066,-0.0216871891047549,0.00932573793136825,-0.221837270688972,-0.146901724084537,0.473256513582326,0.00769114160051948,0.000165807206032819,-0.0316426038660962,0.0163012370168541,-0.116404069964022,-0.170729605986421,-0.00233152966919568,-0.00363432661367575,0.00699413490514018,0.0328382159416434,0.00352744905066624,-0.00829197269709198,0.00740394108889187,0.0748288986574294,-0.0178976198859071,-0.00677994094223511,0.00641112255228131,0.0737788903622147,-0.00498987994271507,0.0442786139309394,0.1298620177139,0.0221364348058078,0.00413973035652101,-0.0278049663238293,0.0607470738267548,0.0176021514608095,-0.243889458192492,-0.244134035418338,0.352695931622169,-0.0322279737287115,0.144072553434618,-0.0050155304667824,0.0454354923052541,-0.12777856062679,0.0567552924068909,-0.0537688392328626,0.542318796085146,-0.015529120636124,0.0937321765965193,0.0204024877427868,0.000474302339949248,-0.0502456994481524,0.0593860672163012,0.0251497874446781,-0.262669918244022,-0.296742819146243,0.346093126790846,-0.0199005061152908,0.184805606693488,0.0560319622737096,0.112553665569131,-0.00452674184578694,0.0625592264198857,-0.0253543579176533,-0.128922105966974,-0.00808890672956519,0.116504801999408,0.0959387225955299,0.120210304561946,0.107302630645794,0.109360727775689,0.068973774069534,1.2096601159859,1.00687807559779,1.05347993267715,5.79815086550185,0.201226364928743,0.611765278526009,2.32736622967818,0.982088675297001,0.00645161165090467,0.34622302413968,0.229721475454069
6,72,12,16,3,54,2,114,38,6,0,1,61,79,15,4,0,0,0,0.79596102134904,0.78263220880125,0.486017347303805,0.0231316092969437,0.814108761177111,-0.0137434161598452,-0.055534338350561,-0.0796849004474923,0.0134437852664464,-0.052699063975058,-0.00495176056067677,0.0151681630233393,4.23909773422817e-05,-0.0268348086524618,0.408254843428768,-0.249830058534499,-0.23483991477144,0.33058092566906,0.24945255013052,0.00812294937651925,0.349055703163515,-0.00377624298934936,-0.0896107294671842,-0.099605781433911,0.047141856820984,-0.0489708933381032,0.0165139195980182,-0.0219734020458135,-0.0301479463929182,-0.0280673715683037,-0.112952990153439,-0.104931225912127,-0.0174684400423253,-0.0430455761082442,-0.158128847580223,-0.018007099375131,-0.1641210503699,-0.158206911993438,0.0219046496193931,0.733503872498873,0.23780611135826,-0.00869812163155471,0.0457070917565162,0.157861311120014,0.131113909401853,0.111006036114972,0.855304650252941,-0.722626057003833,-0.0792407241485835,-0.493512644234986,0.121423132821762,0.0796540564107427,0.126874978737986,-0.126949969267176,0.00934844781501879,-0.0686340795176314,0.029732974925666,-0.110628828302777,0.0646385913560352,-0.633088331340752,-0.0650546327605749,-0.48730221622062,0.0930291283919285,0.0486156318150514,0.0855681896576845,0.0321658535109873,-0.110550054037798,-0.00149049910437653,-0.113158598235798,0.0525121092959671,0.0473806109559711,-0.0322020205148825,0.283842362124723,-0.099821027912147,-0.0703497518140431,-0.149318886009571,-0.0152945279780817,0.115210326368702,-0.0103817489824684,0.0321394456026669,0.115715177393691,-0.0459771745022959,0.161187510958008,-0.0365138370732903,0.0115212571612831,0.232939801968177,-0.180591722583065,-0.0758174955519291,-0.0407200051129874,-0.0695568705679151,0.201794299997891,0.224827660586442,-0.0959990614179348,-0.05141406165608,0.0267679657245189,-0.0657055217563945,0.0418576913501312,-0.0661247994551643,0.0260328760633956,0.13708496131323,0.100881194229713,0.570153212829189,0.646051384350252,0.0110773962523307,-0.000286688388792962,-0.0244161393009208,0.0217288571432164,-0.265435969110122,-0.202243142602582,0.454007409749368,0.00125118440691907,-0.0153685481661575,-0.0502531799442815,0.0147426366257279,-0.203202567167818,-0.265056043853294,-0.000493350880261709,-0.0158454817049948,-0.0341000085304487,0.0288811820157243,-0.0612607644964439,0.00518678578109553,-0.0485605166864058,-0.0213563821303301,-0.0163824628648749,-0.00882834027066733,-0.00172014474584444,0.00664149316150542,-0.0515029420826855,0.0521784630135234,0.1247122857054,0.0572195352207521,-0.00409339076057508,-0.0259712244278946,0.0522784431433088,-0.0575530765447399,-0.232375804670741,-0.268445058172452,0.309672229570476,-0.128642315569164,0.22166824070436,-0.0810286548667028,-0.0684177558931659,-0.00717318995519542,0.0245332229299203,-0.0502166911755539,0.541330012989418,-0.0292639449475247,0.130632769085641,0.0363339545220912,0.0144914469465664,-0.0231608514058558,0.0338715117137925,-0.0856046084701789,-0.314470069296852,-0.365148633496696,0.401496893188927,-0.136604971743311,0.172231425187495,-0.0398677889037806,-0.0356199400805722,-0.110700151214094,0.0357102570026975,-0.0316769642341935,-0.0229870443290241,0.00855317950047984,0.11700765385555,0.0954160525937242,0.116859618915537,0.101265612880557,0.107770242189864,0.0651476780388086,1.26419136465537,0.995755931046277,1.07931523830983,4.99369098819048,0.198670179057007,0.615305081850738,2.28896313119352,1.01808717237793,0.00630007315697171,0.440169639693531,0.307591136761171
7,65,16,12,1,62,3,113,42,3,0,1,74,66,18,1,0,0,0,0.773051957574386,0.796554742728296,0.486791968678065,0.0108207957636934,0.820160197814589,-0.00621570056323329,-0.059822911334762,-0.0799195631187458,0.00691725742633696,-0.043343543467012,0.0161057449217352,-0.00166928112745422,-0.00964058410743753,-0.0310114762296228,0.438821369748092,-0.206000784161557,-0.184981817728231,0.363792297762975,0.272372754164418,0.0117513455469423,0.380399064240278,-0.00437027078207076,-0.0564698871161637,-0.0670978826323375,0.0476881135828035,-0.022383538272783,-0.00182095889006626,0.00608771734980885,-0.000522019953932991,-0.0220874927521481,-0.06840691029718,-0.0705689188594024,0.0034372544743132,0.00300273622203849,-0.232562454171703,-0.0174491824707383,-0.192690990961469,-0.148091298000781,0.230992613135828,0.618211915454656,0.200619741048283,0.104420248863794,0.118508272721767,-0.0319398003726726,0.14186569528343,0.136018415749964,0.834316797332145,-0.701381451911319,-0.070251921610158,-0.609862718330639,-0.111893652263745,-0.101533465282636,0.145584485990676,-0.112195176521223,-0.0171802354764277,-0.0689857234736423,0.0684381211476021,-0.134459875208305,0.0677113596960829,-0.624812554432873,-0.0282492106619342,-0.512069018795294,-0.0952497519841612,-0.106352877792456,0.0942747160236401,0.0605775190653015,-0.0928124818113023,-0.00667394834656295,-0.100268217372803,-0.0140731051533514,-0.0173190289199033,0.0735834828880036,0.499038939178494,-0.0464845893326159,-0.0129783972620102,-0.010005356676504,-0.0540669507715601,0.0600003091013571,0.016218151636409,0.015571563049179,0.200060621413817,0.0285753078287543,0.171145650431377,0.0310812616727088,0.0756445706256664,0.0414300208209618,-0.293267774504812,-0.0338859431290468,-0.0621988430247186,-0.0729755212549951,0.228142709888069,0.200892061615245,0.0913017272009597,0.0859407196558709,-0.0422114390069762,-0.0861390144082502,0.0527589621556896,-0.0739519271702241,0.00410338888681938,0.140775610683462,0.0366984980015167,0.563382964239335,0.649243130710838,0.00700888241162845,0.00072851198530569,-0.0229138503489344,0.0203361917854223,-0.232493706963017,-0.184507087248582,0.491655476303768,0.00313348555683979,-0.00974492001482544,-0.0241421356920095,0.0280216093707013,-0.133023732383206,-0.194233617662379,0.0102193617055568,-0.00180119557925802,-0.0429938894224873,0.0156100231374403,-0.0759284294286257,-0.0301916359677501,-0.00155330554168938,0.0156782905926193,-0.0725015497458375,-0.0286848564154316,0.0273236910693299,0.0489653212837603,0.00531400800704439,-0.063804482321961,-0.00346533463784995,-0.0178189687812098,0.0158896447262936,0.003438742713948,0.0155582926077424,0.0712673602714542,-0.274172430447831,-0.325487234644414,0.3072075612,-0.123189486121424,0.108205471056748,0.0697752210511572,0.0665801903278077,0.0263521153045914,0.0252109111717004,-0.0723376344460074,0.534635647306983,0.122142578383435,0.208238643304556,-0.00318091873914846,0.0565551417681537,-0.000567589824011508,0.0181334908392307,0.0675130996136528,-0.181365980379809,-0.206144530793089,0.298522909134217,-0.132429604375041,0.0184039383765961,0.0720932243512937,0.0843530097820477,0.0318896589348971,0.0671917684557116,-0.0338019626369915,0.0769442058027776,0.0614729176202351,0.115821534095428,0.0964966548271558,0.123082043982193,0.0998231052600366,0.109722655333811,0.0708878471692535,1.12914720523338,0.926972654336032,1.0078097164288,5.32475233427658,0.187595573258923,0.609405266254099,2.25554765850564,0.98898953346372,0.005383256021537,0.390121192900311,0.335317080291961
8,71,16,12,3,55,2,108,45,5,0,1,65,71,23,0,0,0,0,0.721893020757247,0.776024889974759,0.500473378826879,0.0160972679238534,0.822889873512954,0.0141961805226029,-0.023842291035947,-0.069968888121674,-0.036595826962124,-0.0339670449754896,-0.0353693091281507,-0.0380971335947114,-0.0222213693593018,-0.0603525391889792,0.399384869248807,-0.242939216009401,-0.194590354112551,0.319577786778785,0.248430966120803,0.00019097902558788,0.341404382362187,0.0128795682757726,-0.0697619894611478,-0.0945615091071549,0.0639359633990804,0.0201156655278981,-0.00678771461274381,0.00574720106040477,0.0153434097156365,-0.00106767920477023,-0.0559989912330879,-0.0268079597155036,-0.0134970704970968,0.00171800687483778,-0.244498505978803,-0.00830006268478823,-0.0397376058465487,-0.0519533700315159,-0.00667853891229632,0.737399577541427,0.188530842051438,-0.0646667254938984,-0.0461369588289634,0.0741463948360432,-0.0174505546676723,0.0296108274848396,0.847246944085903,-0.683521131644156,-0.0342880445275147,-0.372940810069404,-0.0388995221329185,-0.0576119864852798,-0.0179347946921359,-0.0717813132218229,-0.00596256795817304,-0.0439179142102458,-0.0133807886207153,-0.137466424623699,-0.130688148626329,-0.590698550769234,-0.0733247003772116,-0.318536060675899,-0.0292834626887995,-0.0694068313801426,0.0838079963045199,-0.0172750433066122,-0.0733704036866888,-0.0183184798171854,-0.0922364036535908,0.0615341787929797,-0.157150430547137,-0.0408440370611356,0.285035189187297,0.0511104376906399,0.0425923496769918,-0.0115848630454627,0.0353205711017306,0.031969939299091,0.00125963042009524,0.00531048645086026,0.247028444913393,0.214926298962103,0.19342160451059,-0.0462704386363046,-0.00145266547531855,0.0241403109424148,-0.306210127967679,-0.0666641713504522,-0.0325358880779889,-0.0601639561198727,0.106189182975007,0.161225371965707,0.0338370880194933,0.0645494830249088,0.0890169908746535,-0.0655003346103851,-0.00145368579250114,-0.0530460933733302,-0.0220637040569375,0.201068777230338,0.179656478482999,0.581643592952086,0.643948316292347,-0.0367988064612127,-0.0204966728770238,-0.0402410641406306,0.0235656183520596,-0.266480722710797,-0.185436272329963,0.484521801172102,-0.0238466105135066,-0.0123590011715484,-0.0526972251977153,0.0251653582313269,-0.155545668633183,-0.19891000662438,0.00249084530802928,-0.00473318306801584,-0.028824095773041,0.00810522033069034,0.00885006332961191,0.0284642714409677,0.077710957913407,0.0524457462947565,0.0156972533057667,0.0304509362082961,0.0447371287260924,0.071461616804117,-0.0187696810463321,0.159068930720628,0.12036795043889,0.0215532886468285,0.0127353306841939,0.0371500086450854,0.0304994712861556,-0.0922392065886642,-0.191259975774335,-0.177986566564486,0.325878922275708,-0.146461739884414,0.0871968652517587,0.00267784399681247,-0.0293286414597581,0.00714282086089541,0.0337144641568572,-0.0716644167055633,0.512267945290334,0.0270557025630369,0.11636004953648,0.0264831626146819,0.0148664394843195,0.0301283813405289,0.0310752175406193,-0.13063173555862,-0.188187555393719,-0.169588787654787,0.281015833944423,-0.149083368193697,0.0743749312261626,-0.0398282811549165,-0.0426499660043387,0.0176701451893732,0.0216874682501971,-0.0512863333646543,0.0479206163094418,-0.0120313488199737,0.115205490153051,0.0948977173205748,0.119431458755975,0.104135312951748,0.108757287311885,0.0663992732904327,1.15929753916353,0.93709393721751,1.02759928899457,5.09195320298445,0.194390835733976,0.633489976793629,2.41838488474662,0.985729883695064,0.00735435574456624,0.486003571396309,0.262310249843657
9,66,25,11,2,55,0,111,43,4,0,1,64,70,24,1,0,0,0,0.723647237599344,0.786861569531615,0.492096274696314,0.0135901058305666,0.82929796102194,0.0371495023591015,-0.0553250903315317,-0.0712429836394908,0.0261421256133918,0.0135582078465572,0.0294109032873363,0.0220390193746944,0.0304009549284837,-0.053955764086533,0.443222486994871,-0.145036205068632,-0.150932891827519,0.363596602624693,0.255496138891933,0.0278115473040428,0.381974860038726,0.00881960490119971,-0.0790448096483188,-0.104716334052945,0.066309994291116,0.0266258565235804,0.0264470571472714,-0.0243316717779092,-0.0181196213759097,-0.0220646235020346,-0.0626995870753078,-0.0300423296869985,0.0234022468810527,0.00308846808074325,-0.21328589056027,0.0288145962644594,-0.180043925027732,-0.148543937596387,0.0495033515809849,0.742370011379596,0.175012669983258,-0.0110117689200775,-0.0335462003441154,-0.0350345715368412,-0.048611398557792,-0.126062099156082,0.877848425371778,-0.715672900191847,-0.158309390448549,-0.512675133681972,0.0549726992503395,0.0736569986479155,0.091345935504738,-0.0705584551165614,-0.00395973604077328,-0.0569910990774144,0.0361539635898836,-0.121642276034245,-0.0514491736923973,-0.638493007123914,-0.161355532198078,-0.488072471919943,0.0398545800758624,0.0717486647631649,0.0729556726644319,0.0160380942716768,-0.0590828266424391,-0.000955692809999329,-0.0968854365239279,0.0547393783399249,-0.116534836439843,0.00582013612561821,0.421605401270015,-0.0512632285216863,-0.059709405919537,-0.092567913676297,0.0182408338032901,0.0569666759658169,0.0362919618866187,0.0279554894878721,0.119931138436198,0.023946528214945,0.134111294181757,-0.00719174347666931,-0.0336902699906349,-0.0590257363469239,-0.246392176197182,-0.0023205527844646,-0.0308948955817319,0.0168611021538772,-0.0388774763646455,-0.0233674117866745,0.0571589998382567,0.0174879303741708,-0.0613276719487304,-0.0272110396417074,0.013065378274,-0.0583566871249607,0.0226050974415047,0.113430435952019,0.192410697969203,0.579071697571256,0.648397981162362,0.00916462892246319,0.0205760231997816,-0.0569133692081782,0.002714456515855,-0.199120720759593,-0.127296429267018,0.49438244234837,-0.00661950011854369,-0.00254000388861297,-0.0513703483892014,0.00778657825904926,-0.0889278246023652,-0.18020235203237,-0.0218596244668268,-0.0043072814746105,-0.0328936916451329,0.0229826345561338,-0.00882482132691648,0.00593468240745119,-0.0570532033561726,-0.0044321588042813,-0.0242264724019724,-0.00197131233372149,-0.0900646340468742,-0.0247719174786802,0.015574695421614,0.0959212544905171,0.162136652695197,-0.0020799979812272,0.0394366420833156,0.022440791523697,0.0588052928159627,-0.0848459281540816,-0.172231757947079,-0.268547645780664,0.276888324408491,-0.0644488615234664,0.0897244366657991,-0.0265873134127,-0.00333905513314798,-0.069297226462249,0.0504362023767264,-0.061153844187859,0.536111742626424,-0.143731892887159,0.100013130655857,0.00608723090749317,0.0249281578752038,0.0212145240234306,0.0381262183558447,-0.0608984197997677,-0.216185796217627,-0.293708158694459,0.273668165135062,-0.0770644853374864,0.13205505527224,-0.0695452355247917,-0.0729693005329262,-0.00459472845382457,0.0653602979892074,-0.0447722141269516,-0.160410887423904,-0.0369455659708182,0.116519893420756,0.0945653372092954,0.120205919014782,0.11001544961003,0.107317976046614,0.0706101253022398,1.23270627761713,1.00277327710855,1.15008681652065,5.6789498763515,0.214328922237443,0.613446526727809,2.32704715416169,1.02220641481235,0.00574191886252743,0.328680944059863,0.23891590524815
10,61,15,12,5,64,2,112,43,3,0,1,67,67,22,3,0,0,0,0.801096207655291,0.789660235223209,0.505801058478479,0.0174622047184253,0.820689565651639,-0.0115395461441563,-0.0707678123747214,-0.108712676465961,0.0321178428612547,-0.0187289178963499,0.00895632849230192,0.00217020554602783,0.0129144262546267,-0.0772834486932244,0.42373566245722,-0.264470788896975,-0.201338229768428,0.35905078975625,0.267638750449619,0.0136768958515704,0.365398362797075,0.00718314995577604,-0.0917360772306598,-0.0979050217775301,0.0906693842753397,-0.0325958972140085,-0.000471168881375473,-0.00458336834534206,0.00682019423611543,-0.0792713213016266,-0.0641320992849365,-0.0821397716575376,-0.00453833174272273,0.00704377766696451,-0.251131275791797,-0.00676676847984509,-0.154455048454776,-0.13432828969493,0.0768450972504705,0.749884987502064,0.23748359596299,0.000870815100809528,0.000290695027602411,-0.0709113950969354,0.0708789084878338,0.0629333452741076,0.88718680981112,-0.721155684093545,-0.0349821161348701,-0.454184950673027,-0.0197125235634942,-0.0230867245128241,0.0753719699077912,-0.126714821373401,0.0220474127263737,-0.0994302433754907,0.031881131490505,-0.0728450538150427,-0.0125868054861718,-0.622923703270527,-0.0209550521331905,-0.413964760747433,-0.0409198183589955,-0.0547964864399219,0.132064949616383,0.0309473510207231,-0.140977148430583,0.00440323264925929,-0.142322325452483,0.0962979210558058,0.00625872004842305,-0.0661483277890076,0.3088686663896,-0.0248495377907875,-0.0329706818231615,-0.0281542108787314,0.0227877497854287,0.112007479123563,-0.00323137651732507,0.0627517112916568,0.0716825148874483,-0.0189807741840441,0.145126856839663,0.0105308630812486,0.0078309150382628,-0.00397000273152533,-0.295017605079715,-0.0432510794241625,-0.0101579220756441,-0.0318545947297693,0.107638044368593,0.16467413867377,0.0549823755655669,0.0254063700386745,0.0731059086955572,-0.0528762072178602,0.0108055702908028,-0.0956477790227052,0.031490265558449,0.163110100043383,0.232684916305198,0.585350708206433,0.650164189259707,-0.0140054437903766,-0.00220330978499264,-0.0695099684835776,0.0133125574577187,-0.274533832733876,-0.186971290918969,0.477049719096527,-0.00182035990417,0.0162108123790904,-0.0707131835717499,0.015430588463346,-0.198542856229961,-0.208125893581447,5.76077861982147e-05,-0.00557151714221951,-0.033541706880801,-0.00015976872840649,0.034257164309585,0.000688187708650677,-0.00515850258155661,0.112944999342675,-0.0307129881813778,0.00323799497167333,0.000472808500195624,0.101126862103593,0.0158060178785933,0.208501786367785,0.11131162819627,0.0344502660817073,0.0243167063226186,-0.0186833714188744,0.0474960730400775,0.0427691039140768,-0.315489575824423,-0.315871555730415,0.303962290288177,-0.0235711405776346,0.12601081525475,-0.00297364568815889,0.0263320131614702,-0.000198010444433142,0.0415989278873715,-0.0479873309366045,0.449564342313873,-0.0143588237611505,0.123173466745665,0.067252047763384,0.0494565076830167,0.0255469942407248,0.0797100664108343,-0.0176784373818978,-0.331236263327622,-0.359949911341504,0.402034362090824,-0.149480283950922,0.0559221461332804,0.0106959051723843,0.027481676874108,-0.050110873717013,0.0341715031575287,0.015285557919285,-0.0945504680156372,-0.0237607794690817,0.116625631140082,0.0956917361453167,0.119129574852149,0.0981557196558173,0.109536535263633,0.0682724469323156,1.1276325641144,1.00946464421718,1.17409991619434,5.50849829437384,0.192412702899307,0.633303743149899,2.36032832363809,1.07525163341346,0.00579338412423683,0.387113949687582,0.257640922694295
11,73,13,16,3,53,1,107,47,5,0,0,56,77,25,1,0,0,0,0.728248926778703,0.781218685900182,0.503353775214106,-0.00597677365258474,0.828663943807676,0.0180201888035821,-0.0623671248144322,-0.0763463107824691,0.0407112052840726,-0.00809235036224299,0.00417839787763429,0.0171318282023121,0.00622696557106108,-0.0206179577531231,0.434038917678577,-0.188119612649108,-0.184088410491978,0.34548211410721,0.260187142278984,0.00446385838473165,0.372511475021192,-0.0107936145213174,-0.0925985776835211,-0.0959540862303617,0.0503300622041216,-0.0171528986366408,-0.00956745090669459,-0.00763027436930492,-0.00882819733382569,-0.0245258212431022,-0.0123591530943772,-0.0334611887625048,0.034230802047223,-0.0203202753494149,-0.20467905478671,0.0298989949557864,-0.289904644708127,-0.25137850140641,0.151571124853636,0.74215599686569,0.236593230742711,0.0901871822602019,0.114728922169376,-0.0359816406066689,0.012799048787543,-0.0858023610829239,0.878547742369067,-0.677061868237713,-0.239976767477229,-0.525388734476181,-0.00361730731632928,-0.0034423056435173,-0.00851814469258595,-0.112836293428627,-0.0360085190965941,-0.0666585696271816,0.101445222963405,-0.129366038152463,0.0880847111620345,-0.590364550251828,-0.22189313669494,-0.503461951837911,-0.03560665125889,-0.0385594381589308,-0.0246933934688399,0.0864250304525072,-0.102434716766887,-0.0338378421200512,-0.0964682899477079,-0.0181990169598469,0.00566665483851463,0.0806784620287372,0.409669516085934,-0.0388870046111642,-0.0386785111780396,-0.00632693364023928,-0.0587070247766124,0.0851410922763495,0.0472239823723916,0.0700732704964666,0.0519001642893999,-0.116084173440827,0.255062321028672,0.0550019755091816,0.0812617635609117,-0.00274982176380478,-0.273144082370219,0.0140546287731314,-0.0252299515799611,-0.00495635882438045,0.118393860189073,0.0100544073398616,-0.0310538741716591,0.0143971997124504,0.101841582149498,-0.0614264635189955,0.0334427484768652,-0.0836346404893666,0.0180287957622142,0.0852144027741579,0.11644518822952,0.580325838134543,0.644986819486802,0.0155691379580994,0.00966853813021232,-0.0179601466511481,0.000151132965829488,-0.218041791660083,-0.156088853415604,0.479427535309386,0.00350576376868113,0.00289641436461222,-0.00326003872159623,-0.0101001060612624,-0.1196652579981,-0.18592994983564,0.0122529901825842,-0.00464920606603968,-0.0297043825065987,0.0103846955751009,-0.083596718701859,-0.0282723012254682,-0.0378958808084964,-0.0591632566994097,-0.0732080513739055,-0.024186828919557,-0.0576601001442379,-0.0222603089597095,0.00275305431140055,0.0333392088091514,-0.0161335163043532,0.0239468854088106,-0.00534911416423874,0.00137938829134434,0.0455920942365102,0.013825729885725,-0.2459691988856,-0.274865063142331,0.358736390585697,-0.0544665177445237,0.133715188612228,-0.0360137059595413,0.0119134360749168,0.00950317570841001,0.0185311684543871,-0.0682671936852054,0.596834262559666,-0.0543459643951638,0.142319834938875,0.0359773158854744,0.015609565629366,-0.0119679501211778,0.0554550545124055,0.0290990463499486,-0.219752449308285,-0.256257478928007,0.332657002299903,-0.0469068008625849,0.0990994786406396,-0.0382560954987973,-0.0239903050431353,-0.102488358457025,0.0108989281088053,-0.0300644459832731,-0.11540591821286,-0.00531753618362552,0.112532254639136,0.0927454653466653,0.117070325510548,0.106930367050299,0.105905961044917,0.0673762421881669,1.23965718591021,0.981569746205874,1.09579061661967,5.23568728856563,0.195709579152155,0.576940161473279,2.29339878935058,1.00452583256902,0.00694691738341035,0.33384924300053,0.247044324720784
12,67,13,15,3,59,2,120,34,3,0,2,65,68,23,3,0,0,0,0.76289303482876,0.798626304857613,0.501102162334104,0.0204980561287029,0.815164474650063,0.0198851272909551,-0.0983753373389804,-0.104223618486369,0.0406758236792312,-0.00348510564647751,-0.0133400785546427,0.0222879788137371,0.024390628299111,-0.0553540930834895,0.427680447494741,-0.203102236646059,-0.212561387199171,0.356302439122086,0.2670892797564,0.0276321232942413,0.361683475121329,-0.0189885766706325,-0.089138872937425,-0.111605393536787,0.0470415731104492,-0.0279593948945344,-0.014853257034665,-0.0095713399263366,-0.000920081601301714,-0.0596502488016021,-0.0844300915413474,-0.0811385637612105,0.0240757261409267,-0.0030648718305329,-0.231983916686113,-0.00574320812540656,-0.140186217347536,-0.063248499175697,-0.0595479049051016,0.701037883489754,0.190788546810942,0.020235521851711,0.0401207355980134,-0.0337144094542234,0.0376021863413372,-0.00935925212443886,0.859501050252888,-0.696789401621721,-0.111706910540203,-0.423567267155509,0.0115871704334722,0.0503736781465597,-0.0243536999289961,-0.143792770919059,-0.0267756476924897,-0.107222540834922,0.0418670064221561,-0.0932237067590096,-0.0157924690946956,-0.582070649952752,-0.0570995435959614,-0.412563654364792,-0.0215548298804485,0.0152892206914773,0.0658759143968781,0.0306016367738142,-0.122234874932559,-0.00625746053324222,-0.136990135929261,0.0638146407437832,-0.0649526685424943,-0.125431077217326,0.219000541142103,-0.0898510008303231,-0.104491338441997,0.100914842462285,0.0365026953030221,0.09908138298343,0.0235984411479641,0.0851012333809559,0.0793769608627122,0.0292437732075481,0.146818531788819,0.0597485548066757,0.0457968026287543,0.0513721438067341,-0.279493410465602,-0.00659676149816285,-0.0194854840072072,-0.0509547479154497,0.139513912849511,0.0274566103098985,0.0753779625708081,0.0286492825272454,-0.0450856417850068,-0.089359667092494,0.0099832869866155,-0.0623956209737514,0.00387661837115158,0.238028730589487,0.276037449060066,0.590661907463148,0.648510702066913,0.0211925866662412,0.0241593106433465,-0.0618350742037298,0.0204110976994646,-0.236003989581322,-0.180208629899443,0.470141297935435,0.00582937848782896,0.00173138041216263,-0.0579788120288364,0.00930985256605351,-0.16279433806353,-0.218836236031045,-0.00639149971008633,-0.0104839731339565,-0.0486770152868026,0.0331819479357895,9.66887695280697e-05,-0.0260924746395191,0.0137162811838853,0.0421908519591354,-0.0165969869842622,-0.0389703687565245,0.00175320057601177,-0.00237196001013087,0.00248107465252629,0.192962529759865,0.200332836133337,-0.0061584821256135,0.00241526426261881,0.000175200692947832,0.0622701037768283,-0.0588683483269041,-0.293145503737939,-0.36663644963807,0.41135112422404,-0.231119193820762,0.187745853798397,-0.0258802148756609,-0.0423335027778601,0.0535278629672214,0.0331321916679125,-0.0659068617464621,0.539257376596539,-0.0246524185111144,0.234206629352809,0.0193586388292188,0.0320976475881019,-0.0139575923318715,0.051525537138117,0.000288755332516409,-0.278508441363474,-0.279799181760526,0.387249461474436,-0.144179657712946,0.104221188836322,-0.023335255600928,-0.0270115990921959,0.0175075870290152,0.0146103825911659,-0.0326260882306145,-0.0324976876060669,0.0363201440367496,0.112777648891351,0.0921761509178827,0.115939740766234,0.0992029550198976,0.106377360967463,0.0688284055322051,1.1369535873768,0.996918601548397,1.12898682106496,6.2942396546517,0.184165393016591,0.609052673209291,2.41126601998218,1.07598358323143,0.006276695419687,0.431398566033145,0.289122587111875
